Name,Slug,Collection ID,Locale ID,Item ID,Created On,Updated On,Published On,Image
AMALIE GASSMAN x DIOR,amalie-gassman-dior,67e0f5d52a78aeb2279ecc81,67da44024929a3dd38d282e1,67e38b42eff5d5eab245a0f2,Wed Mar 26 2025 05:06:10 GMT+0000 (Coordinated Universal Time),Wed Mar 26 2025 07:40:53 GMT+0000 (Coordinated Universal Time),Wed Mar 26 2025 07:40:53 GMT+0000 (Coordinated Universal Time),https://cdn.prod.website-files.com/67da44024929a3dd38d282e7/67e38b305799ab1207a2745b_asset-11.png
AMALIE GASSMAN x FERRAGAMO,amalie-gassman-ferragamo-2,67e0f5d52a78aeb2279ecc81,67da44024929a3dd38d282e1,67e38b1854e80a74ccc9574a,Wed Mar 26 2025 05:05:28 GMT+0000 (Coordinated Universal Time),Wed Mar 26 2025 07:39:52 GMT+0000 (Coordinated Universal Time),Wed Mar 26 2025 07:39:52 GMT+0000 (Coordinated Universal Time),https://cdn.prod.website-files.com/67da44024929a3dd38d282e7/67e38b1854e80a74ccc956e6_asset-18.png
AMALIE GASSMAN x FERRAGAMO,amalie-gassman-ferragamo,67e0f5d52a78aeb2279ecc81,67da44024929a3dd38d282e1,67e38b758c8dc4de7c039961,Wed Mar 26 2025 05:07:01 GMT+0000 (Coordinated Universal Time),Wed Mar 26 2025 07:40:42 GMT+0000 (Coordinated Universal Time),Wed Mar 26 2025 07:40:42 GMT+0000 (Coordinated Universal Time),https://cdn.prod.website-files.com/67da44024929a3dd38d282e7/67e38b272117ed858b9392ea_asset-17.png
AMALIE GASSMAN x MIU MIU,amalie-gassman-miu-miu,67e0f5d52a78aeb2279ecc81,67da44024929a3dd38d282e1,67e38b21be1a9c89f1e39d99,Wed Mar 26 2025 05:05:37 GMT+0000 (Coordinated Universal Time),Wed Mar 26 2025 07:40:51 GMT+0000 (Coordinated Universal Time),Wed Mar 26 2025 07:40:51 GMT+0000 (Coordinated Universal Time),https://cdn.prod.website-files.com/67da44024929a3dd38d282e7/67e38b21be1a9c89f1e39cc1_asset-14.png
AMALIE GASSMAN x PRADA,amalie-gassman-prada,67e0f5d52a78aeb2279ecc81,67da44024929a3dd38d282e1,67e38b9428e78f764b65a49f,Wed Mar 26 2025 05:07:32 GMT+0000 (Coordinated Universal Time),Wed Mar 26 2025 07:41:14 GMT+0000 (Coordinated Universal Time),Wed Mar 26 2025 07:41:14 GMT+0000 (Coordinated Universal Time),https://cdn.prod.website-files.com/67da44024929a3dd38d282e7/67e38b9428e78f764b65a48b_asset-16.png
AMALIE GASSMANN x ANN DEMEULEMEESTER,amalie-gassmann-ann-demeulemeester,67e0f5d52a78aeb2279ecc81,67da44024929a3dd38d282e1,67e38b4685f1152d4df83c7f,Wed Mar 26 2025 05:06:14 GMT+0000 (Coordinated Universal Time),Wed Mar 26 2025 07:41:41 GMT+0000 (Coordinated Universal Time),Wed Mar 26 2025 07:41:41 GMT+0000 (Coordinated Universal Time),https://cdn.prod.website-files.com/67da44024929a3dd38d282e7/67e38b2c7506da73e8ce9a59_asset-10.png
ANAA SABER x BALENCIAGA (2x),anaa-saber-balenciaga-2x,67e0f5d52a78aeb2279ecc81,67da44024929a3dd38d282e1,67e38b8ceff5d5eab24602bf,Wed Mar 26 2025 05:07:24 GMT+0000 (Coordinated Universal Time),Wed Mar 26 2025 07:41:39 GMT+0000 (Coordinated Universal Time),Wed Mar 26 2025 07:41:39 GMT+0000 (Coordinated Universal Time),https://cdn.prod.website-files.com/67da44024929a3dd38d282e7/67e38b7c343ac8a464a0869a_asset-20.png
ANAA SABER x SACAI,anaa-saber-sacai,67e0f5d52a78aeb2279ecc81,67da44024929a3dd38d282e1,67e38ba4913e11e70cfb61bd,Wed Mar 26 2025 05:07:48 GMT+0000 (Coordinated Universal Time),Wed Mar 26 2025 07:40:37 GMT+0000 (Coordinated Universal Time),Wed Mar 26 2025 07:40:37 GMT+0000 (Coordinated Universal Time),https://cdn.prod.website-files.com/67da44024929a3dd38d282e7/67e38b7dd4b268fd325fef89_asset-21.png
"ANAA SABER, NYC, 2024",anaa-saber-nyc-2024,67e0f5d52a78aeb2279ecc81,67da44024929a3dd38d282e1,67e38b79913e11e70cfb2bc8,Wed Mar 26 2025 05:07:05 GMT+0000 (Coordinated Universal Time),Wed Mar 26 2025 07:40:34 GMT+0000 (Coordinated Universal Time),Wed Mar 26 2025 07:40:34 GMT+0000 (Coordinated Universal Time),https://cdn.prod.website-files.com/67da44024929a3dd38d282e7/67e38b1d6dcabb8ddba9aa84_asset-22.png
ARI FOURNIER x MADEWELL,ari-fournier-madewell,67e0f5d52a78aeb2279ecc81,67da44024929a3dd38d282e1,67e38b737406bc0b5a675ab4,Wed Mar 26 2025 05:06:59 GMT+0000 (Coordinated Universal Time),Wed Mar 26 2025 07:40:25 GMT+0000 (Coordinated Universal Time),Wed Mar 26 2025 07:40:25 GMT+0000 (Coordinated Universal Time),https://cdn.prod.website-files.com/67da44024929a3dd38d282e7/67e38b4e57384b56daf1940b_asset-27.png
ARI FOURNIER x RABANNE,ari-fournier-rabanne,67e0f5d52a78aeb2279ecc81,67da44024929a3dd38d282e1,67e38b3402571a4d28eb5d4d,Wed Mar 26 2025 05:05:56 GMT+0000 (Coordinated Universal Time),Wed Mar 26 2025 07:41:30 GMT+0000 (Coordinated Universal Time),Wed Mar 26 2025 07:41:30 GMT+0000 (Coordinated Universal Time),https://cdn.prod.website-files.com/67da44024929a3dd38d282e7/67e38b33913e11e70cfac39b_asset-23.jpeg
"BRIANNA ANDERSON, NYC, SUMMER 2024",brianna-anderson-nyc-summer-2024,67e0f5d52a78aeb2279ecc81,67da44024929a3dd38d282e1,67e38b8039c5ac32ec933df2,Wed Mar 26 2025 05:07:12 GMT+0000 (Coordinated Universal Time),Wed Mar 26 2025 07:40:59 GMT+0000 (Coordinated Universal Time),Wed Mar 26 2025 07:40:59 GMT+0000 (Coordinated Universal Time),https://cdn.prod.website-files.com/67da44024929a3dd38d282e7/67e38b5f9c6f231ea0b71d80_asset-9.png
CAMELIA FARHOODI x OTTILINGER,camelia-farhoodi-ottilinger,67e0f5d52a78aeb2279ecc81,67da44024929a3dd38d282e1,67e38b7a74815414f015dca9,Wed Mar 26 2025 05:07:06 GMT+0000 (Coordinated Universal Time),Wed Mar 26 2025 07:40:30 GMT+0000 (Coordinated Universal Time),Wed Mar 26 2025 07:40:30 GMT+0000 (Coordinated Universal Time),https://cdn.prod.website-files.com/67da44024929a3dd38d282e7/67e38b7a74815414f015dc9a_asset-28.jpeg
CHASE HUDSON x RABANNE,chase-hudson-rabanne,67e0f5d52a78aeb2279ecc81,67da44024929a3dd38d282e1,67e38b2e3db0c2da09044d86,Wed Mar 26 2025 05:05:50 GMT+0000 (Coordinated Universal Time),Wed Mar 26 2025 07:39:57 GMT+0000 (Coordinated Universal Time),Wed Mar 26 2025 07:39:57 GMT+0000 (Coordinated Universal Time),https://cdn.prod.website-files.com/67da44024929a3dd38d282e7/67e38b2d3db0c2da09044ce1_asset-29.jpeg
DEMI SINGLETON x MIU MIU,demi-singleton-miu-miu,67e0f5d52a78aeb2279ecc81,67da44024929a3dd38d282e1,67e38b646dcabb8ddbaa0dea,Wed Mar 26 2025 05:06:44 GMT+0000 (Coordinated Universal Time),Wed Mar 26 2025 07:40:21 GMT+0000 (Coordinated Universal Time),Wed Mar 26 2025 07:40:21 GMT+0000 (Coordinated Universal Time),https://cdn.prod.website-files.com/67da44024929a3dd38d282e7/67e38b636dcabb8ddbaa0d67_asset-31.png
DREW STAKEY x LOEWE for VOGUE,drew-stakey-loewe-vogue,67e0f5d52a78aeb2279ecc81,67da44024929a3dd38d282e1,67e38b38b054d5916564f2a0,Wed Mar 26 2025 05:06:00 GMT+0000 (Coordinated Universal Time),Wed Mar 26 2025 07:41:24 GMT+0000 (Coordinated Universal Time),Wed Mar 26 2025 07:41:24 GMT+0000 (Coordinated Universal Time),https://cdn.prod.website-files.com/67da44024929a3dd38d282e7/67e38b38b054d5916564f29c_asset-33.jpeg
EMILY RATAJKOWSKI pre- VANITY FAIR,emily-ratajkowski-pre-vanity-fair,67e0f5d52a78aeb2279ecc81,67da44024929a3dd38d282e1,67e38b8e7406bc0b5a67797c,Wed Mar 26 2025 05:07:26 GMT+0000 (Coordinated Universal Time),Wed Mar 26 2025 07:41:12 GMT+0000 (Coordinated Universal Time),Wed Mar 26 2025 07:41:12 GMT+0000 (Coordinated Universal Time),https://cdn.prod.website-files.com/67da44024929a3dd38d282e7/67e38b568e9a639c331129ef_asset-36.png
EMILY RATAJKOWSKI x BODE,emily-ratajkowski-bode,67e0f5d52a78aeb2279ecc81,67da44024929a3dd38d282e1,67e38b679380a769cda6aadd,Wed Mar 26 2025 05:06:47 GMT+0000 (Coordinated Universal Time),Wed Mar 26 2025 07:41:34 GMT+0000 (Coordinated Universal Time),Wed Mar 26 2025 07:41:34 GMT+0000 (Coordinated Universal Time),https://cdn.prod.website-files.com/67da44024929a3dd38d282e7/67e38b3fa9f43d191c9d9e15_asset-39.png
EMILY RATAJKOWSKI x COURRAGES,lucky-blue-smith-prada-paris-d88e4,67e0f5d52a78aeb2279ecc81,67da44024929a3dd38d282e1,67e38b6ab8c88ab9211a9f92,Wed Mar 26 2025 05:06:50 GMT+0000 (Coordinated Universal Time),Wed Mar 26 2025 07:41:15 GMT+0000 (Coordinated Universal Time),Wed Mar 26 2025 07:41:15 GMT+0000 (Coordinated Universal Time),https://cdn.prod.website-files.com/67da44024929a3dd38d282e7/67e38b51b054d59165651105_asset-6.png
EMILY RATAJKOWSKI x FERRAGAMO,emily-ratajkowski-ferragamo,67e0f5d52a78aeb2279ecc81,67da44024929a3dd38d282e1,67e38b4c654ded82891a8f27,Wed Mar 26 2025 05:06:20 GMT+0000 (Coordinated Universal Time),Wed Mar 26 2025 07:40:09 GMT+0000 (Coordinated Universal Time),Wed Mar 26 2025 07:40:09 GMT+0000 (Coordinated Universal Time),https://cdn.prod.website-files.com/67da44024929a3dd38d282e7/67e38b4c654ded82891a8d7d_asset-40.png
EMILY RATAJKOWSKI x JACQUEMUS,lucy-rae-mcfadin-coach-aa861,67e0f5d52a78aeb2279ecc81,67da44024929a3dd38d282e1,67e38b454ce4ac07a92a82d6,Wed Mar 26 2025 05:06:13 GMT+0000 (Coordinated Universal Time),Wed Mar 26 2025 07:40:10 GMT+0000 (Coordinated Universal Time),Wed Mar 26 2025 07:40:10 GMT+0000 (Coordinated Universal Time),https://cdn.prod.website-files.com/67da44024929a3dd38d282e7/67e38b2a63d5bc34f575ca82_asset-1.png
EVA GOTOWSKI for MERDE MAGAZINE - COVER,eva-gotowski-for-merde-magazine-cover,67e0f5d52a78aeb2279ecc81,67da44024929a3dd38d282e1,67e38b51b054d5916565111c,Wed Mar 26 2025 05:06:25 GMT+0000 (Coordinated Universal Time),Wed Mar 26 2025 07:41:19 GMT+0000 (Coordinated Universal Time),Wed Mar 26 2025 07:41:19 GMT+0000 (Coordinated Universal Time),https://cdn.prod.website-files.com/67da44024929a3dd38d282e7/67e38b51b054d59165651105_asset-6.png
GRAZIA MAGAZINE - FEATURE,grazia-magazine-feature,67e0f5d52a78aeb2279ecc81,67da44024929a3dd38d282e1,67e38b6e9f3a0998a3724f59,Wed Mar 26 2025 05:06:54 GMT+0000 (Coordinated Universal Time),Wed Mar 26 2025 07:41:10 GMT+0000 (Coordinated Universal Time),Wed Mar 26 2025 07:41:10 GMT+0000 (Coordinated Universal Time),https://cdn.prod.website-files.com/67da44024929a3dd38d282e7/67e38b2a63d5bc34f575ca82_asset-1.png
HOLLY LIM x EN ROUTE,ivy-getty-tory-burch-town-country-a5484,67e0f5d52a78aeb2279ecc81,67da44024929a3dd38d282e1,67e38b487506da73e8ceba24,Wed Mar 26 2025 05:06:16 GMT+0000 (Coordinated Universal Time),Wed Mar 26 2025 07:40:14 GMT+0000 (Coordinated Universal Time),Wed Mar 26 2025 07:40:14 GMT+0000 (Coordinated Universal Time),https://cdn.prod.website-files.com/67da44024929a3dd38d282e7/67e38b305799ab1207a2745b_asset-11.png
HOLLY LIM x MIRROR PALAIS,ivy-getty-mugler-1f098,67e0f5d52a78aeb2279ecc81,67da44024929a3dd38d282e1,67e38b9f72c7d945616ded49,Wed Mar 26 2025 05:07:43 GMT+0000 (Coordinated Universal Time),Wed Mar 26 2025 07:40:40 GMT+0000 (Coordinated Universal Time),Wed Mar 26 2025 07:40:40 GMT+0000 (Coordinated Universal Time),https://cdn.prod.website-files.com/67da44024929a3dd38d282e7/67e38b2c7506da73e8ce9a59_asset-10.png
IVY GETTY x MUGLER,ivy-getty-vogue-32e80,67e0f5d52a78aeb2279ecc81,67da44024929a3dd38d282e1,67e38b3e882a26eeeb38f20c,Wed Mar 26 2025 05:06:06 GMT+0000 (Coordinated Universal Time),Wed Mar 26 2025 07:39:53 GMT+0000 (Coordinated Universal Time),Wed Mar 26 2025 07:39:53 GMT+0000 (Coordinated Universal Time),https://cdn.prod.website-files.com/67da44024929a3dd38d282e7/67e38b21be1a9c89f1e39cc1_asset-14.png
IVY GETTY x TORY BURCH (town + country),ivy-nina-ricci-c47e6,67e0f5d52a78aeb2279ecc81,67da44024929a3dd38d282e1,67e38b9c4d0882738b30885d,Wed Mar 26 2025 05:07:40 GMT+0000 (Coordinated Universal Time),Wed Mar 26 2025 07:41:02 GMT+0000 (Coordinated Universal Time),Wed Mar 26 2025 07:41:02 GMT+0000 (Coordinated Universal Time),https://cdn.prod.website-files.com/67da44024929a3dd38d282e7/67e38b9428e78f764b65a48b_asset-16.png
IVY GETTY x VOGUE,jeff-goldblum-loewe-vogue-4714a,67e0f5d52a78aeb2279ecc81,67da44024929a3dd38d282e1,67e38b272117ed858b939314,Wed Mar 26 2025 05:05:43 GMT+0000 (Coordinated Universal Time),Wed Mar 26 2025 07:40:07 GMT+0000 (Coordinated Universal Time),Wed Mar 26 2025 07:40:07 GMT+0000 (Coordinated Universal Time),https://cdn.prod.website-files.com/67da44024929a3dd38d282e7/67e38b272117ed858b9392ea_asset-17.png
IVY x NINA RICCI,jesse-jo-stark-highsnobiety-86f00,67e0f5d52a78aeb2279ecc81,67da44024929a3dd38d282e1,67e38b3702571a4d28eb5f33,Wed Mar 26 2025 05:05:59 GMT+0000 (Coordinated Universal Time),Wed Mar 26 2025 07:40:20 GMT+0000 (Coordinated Universal Time),Wed Mar 26 2025 07:40:20 GMT+0000 (Coordinated Universal Time),https://cdn.prod.website-files.com/67da44024929a3dd38d282e7/67e38b1854e80a74ccc956e6_asset-18.png
JEFF GOLDBLUM x LOEWE for VOGUE,jessie-andrews-wonderland-c9c30,67e0f5d52a78aeb2279ecc81,67da44024929a3dd38d282e1,67e38b7c343ac8a464a0877e,Wed Mar 26 2025 05:07:08 GMT+0000 (Coordinated Universal Time),Wed Mar 26 2025 07:40:43 GMT+0000 (Coordinated Universal Time),Wed Mar 26 2025 07:40:43 GMT+0000 (Coordinated Universal Time),https://cdn.prod.website-files.com/67da44024929a3dd38d282e7/67e38b7c343ac8a464a0869a_asset-20.png
JESSE JO STARK x HIGHSNOBIETY,jessie-andrews-prada-777ef,67e0f5d52a78aeb2279ecc81,67da44024929a3dd38d282e1,67e38b7ed4b268fd325fef94,Wed Mar 26 2025 05:07:10 GMT+0000 (Coordinated Universal Time),Wed Mar 26 2025 07:40:48 GMT+0000 (Coordinated Universal Time),Wed Mar 26 2025 07:40:48 GMT+0000 (Coordinated Universal Time),https://cdn.prod.website-files.com/67da44024929a3dd38d282e7/67e38b7dd4b268fd325fef89_asset-21.png
JESSIE ANDREWS x DOLCE GABBANA,jonathan-bailey-loewe-pre-met-gala-ab320,67e0f5d52a78aeb2279ecc81,67da44024929a3dd38d282e1,67e38b4e57384b56daf1949e,Wed Mar 26 2025 05:06:22 GMT+0000 (Coordinated Universal Time),Wed Mar 26 2025 07:41:04 GMT+0000 (Coordinated Universal Time),Wed Mar 26 2025 07:41:04 GMT+0000 (Coordinated Universal Time),https://cdn.prod.website-files.com/67da44024929a3dd38d282e7/67e38b4e57384b56daf1940b_asset-27.png
JESSIE ANDREWS x PRADA,jessie-andrews-nyc-2024-c972a,67e0f5d52a78aeb2279ecc81,67da44024929a3dd38d282e1,67e38b33913e11e70cfac39f,Wed Mar 26 2025 05:05:55 GMT+0000 (Coordinated Universal Time),Wed Mar 26 2025 07:40:49 GMT+0000 (Coordinated Universal Time),Wed Mar 26 2025 07:40:49 GMT+0000 (Coordinated Universal Time),https://cdn.prod.website-files.com/67da44024929a3dd38d282e7/67e38b33913e11e70cfac39b_asset-23.jpeg
JESSIE ANDREWS x WONDERLAND,jessie-andrews-dolce-gabbana-c1cb0,67e0f5d52a78aeb2279ecc81,67da44024929a3dd38d282e1,67e38b1e6dcabb8ddba9abab,Wed Mar 26 2025 05:05:34 GMT+0000 (Coordinated Universal Time),Wed Mar 26 2025 07:40:50 GMT+0000 (Coordinated Universal Time),Wed Mar 26 2025 07:40:50 GMT+0000 (Coordinated Universal Time),https://cdn.prod.website-files.com/67da44024929a3dd38d282e7/67e38b1d6dcabb8ddba9aa84_asset-22.png
"JESSIE ANDREWS, NYC, 2024",nara-smith-calvin-klein-1fc21,67e0f5d52a78aeb2279ecc81,67da44024929a3dd38d282e1,67e38b9e54e80a74ccc9ec07,Wed Mar 26 2025 05:07:42 GMT+0000 (Coordinated Universal Time),Wed Mar 26 2025 07:40:57 GMT+0000 (Coordinated Universal Time),Wed Mar 26 2025 07:40:57 GMT+0000 (Coordinated Universal Time),https://cdn.prod.website-files.com/67da44024929a3dd38d282e7/67e38b7a74815414f015dc9a_asset-28.jpeg
JONATHAN BAILEY x LOEWE pre-MET GALA,pamela-anderson-jacquemus-2c468,67e0f5d52a78aeb2279ecc81,67da44024929a3dd38d282e1,67e38b6946520ce7b2f22476,Wed Mar 26 2025 05:06:49 GMT+0000 (Coordinated Universal Time),Wed Mar 26 2025 07:41:26 GMT+0000 (Coordinated Universal Time),Wed Mar 26 2025 07:41:26 GMT+0000 (Coordinated Universal Time),https://cdn.prod.website-files.com/67da44024929a3dd38d282e7/67e38b2d3db0c2da09044ce1_asset-29.jpeg
LOREN LENOX for PAGE MAGAZINE - FEATURE,loren-lenox-for-page-magazine-feature,67e0f5d52a78aeb2279ecc81,67da44024929a3dd38d282e1,67e38b4a3dcb0085410347c8,Wed Mar 26 2025 05:06:18 GMT+0000 (Coordinated Universal Time),Wed Mar 26 2025 07:41:42 GMT+0000 (Coordinated Universal Time),Wed Mar 26 2025 07:41:42 GMT+0000 (Coordinated Universal Time),https://cdn.prod.website-files.com/67da44024929a3dd38d282e7/67e38b22ab92e445c8259b31_asset-8.jpeg
"LUCKY BLUE SMITH x PRADA, PARIS",holly-lim-mirror-palais-c6b5f,67e0f5d52a78aeb2279ecc81,67da44024929a3dd38d282e1,67e38b22ab92e445c8259b35,Wed Mar 26 2025 05:05:38 GMT+0000 (Coordinated Universal Time),Wed Mar 26 2025 07:39:58 GMT+0000 (Coordinated Universal Time),Wed Mar 26 2025 07:39:58 GMT+0000 (Coordinated Universal Time),https://cdn.prod.website-files.com/67da44024929a3dd38d282e7/67e38b22ab92e445c8259b31_asset-8.jpeg
"LUCKY BLUE SMITH, NARA BLUE SMITH in PARIS",holly-lim-en-route-d991c,67e0f5d52a78aeb2279ecc81,67da44024929a3dd38d282e1,67e38b5f9c6f231ea0b71d85,Wed Mar 26 2025 05:06:39 GMT+0000 (Coordinated Universal Time),Wed Mar 26 2025 07:40:16 GMT+0000 (Coordinated Universal Time),Wed Mar 26 2025 07:40:16 GMT+0000 (Coordinated Universal Time),https://cdn.prod.website-files.com/67da44024929a3dd38d282e7/67e38b5f9c6f231ea0b71d80_asset-9.png
LUCY RAE MCFADIN x COACH,lucky-blue-smith-nara-blue-smith-paris-e06d0,67e0f5d52a78aeb2279ecc81,67da44024929a3dd38d282e1,67e38b29af02bfe360523936,Wed Mar 26 2025 05:05:45 GMT+0000 (Coordinated Universal Time),Wed Mar 26 2025 07:40:04 GMT+0000 (Coordinated Universal Time),Wed Mar 26 2025 07:40:04 GMT+0000 (Coordinated Universal Time),https://cdn.prod.website-files.com/67da44024929a3dd38d282e7/67e38b28af02bfe3605238d8_asset-7.jpeg
NARA SMITH x CALVIN KLEIN,pamela-anderson-dior-02727,67e0f5d52a78aeb2279ecc81,67da44024929a3dd38d282e1,67e38b820ace7435a3776450,Wed Mar 26 2025 05:07:14 GMT+0000 (Coordinated Universal Time),Wed Mar 26 2025 07:41:32 GMT+0000 (Coordinated Universal Time),Wed Mar 26 2025 07:41:32 GMT+0000 (Coordinated Universal Time),https://cdn.prod.website-files.com/67da44024929a3dd38d282e7/67e38b636dcabb8ddbaa0d67_asset-31.png
PAMELA ANDERSON x DIOR,pheobe-tonkin-nyc-2024-dba0d,67e0f5d52a78aeb2279ecc81,67da44024929a3dd38d282e1,67e38b578e9a639c33112dbf,Wed Mar 26 2025 05:06:31 GMT+0000 (Coordinated Universal Time),Wed Mar 26 2025 07:41:07 GMT+0000 (Coordinated Universal Time),Wed Mar 26 2025 07:41:07 GMT+0000 (Coordinated Universal Time),https://cdn.prod.website-files.com/67da44024929a3dd38d282e7/67e38b568e9a639c331129ef_asset-36.png
PAMELA ANDERSON x JACQUEMUS,pamela-anderson-pandora-bd906,67e0f5d52a78aeb2279ecc81,67da44024929a3dd38d282e1,67e38b71fa5099ee65bde47a,Wed Mar 26 2025 05:06:57 GMT+0000 (Coordinated Universal Time),Wed Mar 26 2025 07:40:23 GMT+0000 (Coordinated Universal Time),Wed Mar 26 2025 07:40:23 GMT+0000 (Coordinated Universal Time),https://cdn.prod.website-files.com/67da44024929a3dd38d282e7/67e38b38b054d5916564f29c_asset-33.jpeg
PAMELA ANDERSON x PANDORA,sami-miro-ebay-47f43,67e0f5d52a78aeb2279ecc81,67da44024929a3dd38d282e1,67e38b40a9f43d191c9d9e30,Wed Mar 26 2025 05:06:08 GMT+0000 (Coordinated Universal Time),Wed Mar 26 2025 07:40:17 GMT+0000 (Coordinated Universal Time),Wed Mar 26 2025 07:40:17 GMT+0000 (Coordinated Universal Time),https://cdn.prod.website-files.com/67da44024929a3dd38d282e7/67e38b3fa9f43d191c9d9e15_asset-39.png
"PHEOBE TONKIN, NYC, 2024",sami-miro-hm-54f5a,67e0f5d52a78aeb2279ecc81,67da44024929a3dd38d282e1,67e38b87a9f43d191c9df5a6,Wed Mar 26 2025 05:07:19 GMT+0000 (Coordinated Universal Time),Wed Mar 26 2025 07:40:55 GMT+0000 (Coordinated Universal Time),Wed Mar 26 2025 07:40:55 GMT+0000 (Coordinated Universal Time),https://cdn.prod.website-files.com/67da44024929a3dd38d282e7/67e38b4c654ded82891a8d7d_asset-40.png
SAMI MIRO VINTAGE,tinx-david-yurman-79e13,67e0f5d52a78aeb2279ecc81,67da44024929a3dd38d282e1,67e38b3c0ace7435a3770ebb,Wed Mar 26 2025 05:06:04 GMT+0000 (Coordinated Universal Time),Wed Mar 26 2025 07:40:02 GMT+0000 (Coordinated Universal Time),Wed Mar 26 2025 07:40:02 GMT+0000 (Coordinated Universal Time),https://cdn.prod.website-files.com/67da44024929a3dd38d282e7/67e38b22ab92e445c8259b31_asset-8.jpeg
SAMI MIRO x EBAY,sami-miro-ferragamo-f15b1,67e0f5d52a78aeb2279ecc81,67da44024929a3dd38d282e1,67e38b2b63d5bc34f575cb8f,Wed Mar 26 2025 05:05:47 GMT+0000 (Coordinated Universal Time),Wed Mar 26 2025 07:39:55 GMT+0000 (Coordinated Universal Time),Wed Mar 26 2025 07:39:55 GMT+0000 (Coordinated Universal Time),https://cdn.prod.website-files.com/67da44024929a3dd38d282e7/67e38b2a63d5bc34f575ca82_asset-1.png
SAMI MIRO x FERRAGAMO,tina-nyc-2024-ce37a,67e0f5d52a78aeb2279ecc81,67da44024929a3dd38d282e1,67e38b9154e80a74ccc9ddf4,Wed Mar 26 2025 05:07:29 GMT+0000 (Coordinated Universal Time),Wed Mar 26 2025 07:40:46 GMT+0000 (Coordinated Universal Time),Wed Mar 26 2025 07:40:46 GMT+0000 (Coordinated Universal Time),https://cdn.prod.website-files.com/67da44024929a3dd38d282e7/67e38b28af02bfe3605238d8_asset-7.jpeg
SAMI MIRO x HM,sami-miro-vintage-3bb06,67e0f5d52a78aeb2279ecc81,67da44024929a3dd38d282e1,67e38b8a5164c75803e3a20e,Wed Mar 26 2025 05:07:22 GMT+0000 (Coordinated Universal Time),Wed Mar 26 2025 07:41:29 GMT+0000 (Coordinated Universal Time),Wed Mar 26 2025 07:41:29 GMT+0000 (Coordinated Universal Time),https://cdn.prod.website-files.com/67da44024929a3dd38d282e7/67e38b51b054d59165651105_asset-6.png
THE THING for MARVIN MAG - FEATURE,the-thing-for-marvin-mag-feature,67e0f5d52a78aeb2279ecc81,67da44024929a3dd38d282e1,67e38b9728e78f764b65a6fd,Wed Mar 26 2025 05:07:35 GMT+0000 (Coordinated Universal Time),Wed Mar 26 2025 07:40:35 GMT+0000 (Coordinated Universal Time),Wed Mar 26 2025 07:40:35 GMT+0000 (Coordinated Universal Time),https://cdn.prod.website-files.com/67da44024929a3dd38d282e7/67e38b28af02bfe3605238d8_asset-7.jpeg
"TINA, NYC, 2024",tinx-messika-08f56,67e0f5d52a78aeb2279ecc81,67da44024929a3dd38d282e1,67e38b986dcabb8ddbaa5160,Wed Mar 26 2025 05:07:36 GMT+0000 (Coordinated Universal Time),Wed Mar 26 2025 07:41:05 GMT+0000 (Coordinated Universal Time),Wed Mar 26 2025 07:41:05 GMT+0000 (Coordinated Universal Time),https://cdn.prod.website-files.com/67da44024929a3dd38d282e7/67e38b5f9c6f231ea0b71d80_asset-9.png
TINX x DAVID YURMAN,tinx-ralph-lauren-f340b,67e0f5d52a78aeb2279ecc81,67da44024929a3dd38d282e1,67e38b2c7506da73e8ce9aa9,Wed Mar 26 2025 05:05:48 GMT+0000 (Coordinated Universal Time),Wed Mar 26 2025 07:40:11 GMT+0000 (Coordinated Universal Time),Wed Mar 26 2025 07:40:11 GMT+0000 (Coordinated Universal Time),https://cdn.prod.website-files.com/67da44024929a3dd38d282e7/67e38b2c7506da73e8ce9a59_asset-10.png
TINX x INTIMISSI,tinx-intimissi,67e0f5d52a78aeb2279ecc81,67da44024929a3dd38d282e1,67e3afa1cf804bfef22f43fc,Wed Mar 26 2025 07:41:21 GMT+0000 (Coordinated Universal Time),Wed Mar 26 2025 08:27:55 GMT+0000 (Coordinated Universal Time),Wed Mar 26 2025 08:27:55 GMT+0000 (Coordinated Universal Time),https://cdn.prod.website-files.com/67da44024929a3dd38d282e7/67e38b7dd4b268fd325fef89_asset-21.png
TINX x MESSIKA,tinx-intimissi-44c28,67e0f5d52a78aeb2279ecc81,67da44024929a3dd38d282e1,67e38b305799ab1207a27471,Wed Mar 26 2025 05:05:52 GMT+0000 (Coordinated Universal Time),Wed Mar 26 2025 07:40:13 GMT+0000 (Coordinated Universal Time),Wed Mar 26 2025 07:40:13 GMT+0000 (Coordinated Universal Time),https://cdn.prod.website-files.com/67da44024929a3dd38d282e7/67e38b305799ab1207a2745b_asset-11.png
TINX x RALPH LAUREN,tinx-ralphlauren,67e0f5d52a78aeb2279ecc81,67da44024929a3dd38d282e1,67e3af3ee70be384d585c89e,Wed Mar 26 2025 07:39:42 GMT+0000 (Coordinated Universal Time),Wed Mar 26 2025 08:27:36 GMT+0000 (Coordinated Universal Time),Wed Mar 26 2025 08:27:36 GMT+0000 (Coordinated Universal Time),https://cdn.prod.website-files.com/67da44024929a3dd38d282e7/67e38b7c343ac8a464a0869a_asset-20.png
